{
    "power": {
        "min": 0.0,
        "max": 3974.352715582932
    },
    "ratio": {
        "006-006": 1.2368638114887718,
        "004-001": 1.2353689233379728,
        "004-004": 1.2277284435827283,
        "004-003": 1.2217921354383252,
        "004-002": 1.2148125376969048,
        "004-005": 1.2118473911489145,
        "004-007": 1.2072350039807422,
        "004-006": 1.2023587810609386,
        "006-014": 1.1980742481979203,
        "004-016": 1.1927389207452779,
        "006-005": 1.190454524904445,
        "006-015": 1.1867522466191984,
        "007-002": 1.1862535035514201,
        "005-001": 1.185601043532942,
        "004-012": 1.1843945390261907,
        "004-008": 1.1828725964933788,
        "004-010": 1.1774161261714522,
        "006-012": 1.1736035643107885,
        "004-009": 1.1721166084902503,
        "004-011": 1.2216814665678504,
        "002-012": 1.168849816984763,
        "005-006": 1.1658538650336208,
        "003-007": 1.2101116648578685,
        "007-013": 1.161282416601523,
        "004-013": 1.1603639401562456,
        "005-013": 1.1600051381728378,
        "005-005": 1.1587247426464091,
        "006-016": 1.2129445172550648,
        "006-002": 1.1559879752111546,
        "005-009": 1.1558982373497917,
        "002-003": 1.188975520944771,
        "006-009": 1.154022990071516,
        "007-014": 1.152750835489304,
        "004-015": 1.1521402213694618,
        "001-003": 1.224785901678463,
        "005-004": 1.1471510978914174,
        "004-014": 1.1463449157298589,
        "008-009": 1.1459233362980592,
        "002-008": 1.2016225503675921,
        "005-012": 1.1816421634182088,
        "005-010": 1.1758021343401899,
        "005-007": 1.1420962813263213,
        "008-011": 1.1416593364787482,
        "005-008": 1.139099828028895,
        "006-010": 1.1686391823023605,
        "005-002": 1.138727928705016,
        "005-003": 1.1380543739571887,
        "002-004": 1.185355241762781,
        "007-011": 1.1352799575793346,
        "008-007": 1.4689279919394485,
        "008-002": 1.2237306104237904,
        "007-015": 1.1315210336058528,
        "008-005": 1.130969543657677,
        "001-001": 1.1308681374965275,
        "007-003": 1.130424725283639,
        "007-012": 1.1293563326148603,
        "008-006": 1.6194301005869631,
        "006-001": 1.128074313610905,
        "002-013": 1.2142387124910046,
        "003-001": 1.1606367886422413,
        "001-011": 1.202527800922607,
        "002-007": 1.1646619841510362,
        "002-009": 1.1516812828510794,
        "008-004": 1.1215383469350435,
        "008-016": 1.1204004772201948,
        "006-003": 1.1172418052710558,
        "005-014": 1.116366319731971,
        "001-008": 1.1940132604255176,
        "008-001": 1.198552434912812,
        "008-013": 1.1122612359464217,
        "003-006": 1.1764788499171133,
        "007-008": 1.1093820894463857,
        "008-003": 1.163267353753217,
        "007-005": 1.1523983469521817,
        "007-010": 1.164062920108687,
        "007-004": 1.1062278426206473,
        "001-004": 1.1651152975594359,
        "008-008": 1.1018809330840627,
        "001-002": 1.1460929555202048,
        "006-008": 1.0968890930707385,
        "005-015": 1.094561829849167,
        "005-016": 1.0940721352585678,
        "002-001": 1.145735140376289,
        "001-013": 1.1610428677312703,
        "007-001": 1.1455553471469095,
        "008-010": 1.0904935869595116,
        "008-014": 1.085419088617787,
        "007-006": 1.1384715147378446,
        "007-007": 1.1157938973414931,
        "006-004": 1.08077770236031,
        "008-015": 1.080711062772669,
        "002-010": 1.1429453773857863,
        "005-011": 1.075373504198288,
        "001-007": 1.1419142372055293,
        "002-005": 1.1766688145527489,
        "007-009": 1.1230635720450475,
        "002-002": 1.1852318003600972,
        "006-007": 1.055707592795557,
        "003-008": 1.1239128974674282,
        "003-003": 1.112647992175889,
        "007-016": 1.0485464327501164,
        "003-004": 1.1421578423427297,
        "006-013": 1.0450971951654113,
        "008-012": 1.1105526797343628,
        "001-005": 1.144385897492602,
        "006-011": 1.0328895560159552,
        "002-011": 1.093791563845393,
        "003-002": 1.1190357080790927,
        "001-010": 1.1289138455623862,
        "001-012": 1.11038428282664,
        "002-006": 1.0979051933338666,
        "001-009": 1.1107482784619755,
        "001-006": 1.0962590579078708,
        "003-005": 1.1059110936869792
    },
    "irradiance": {
        "min": 1.6923076923076923,
        "max": 996.9421487603306
    }
}