{
    "power": {
        "min": 0.0,
        "max": 3243.1248384831565
    },
    "ratio": {
        "004-015": 1.7874892695727365,
        "006-015": 1.7763380885223259,
        "006-005": 1.8446303434956695,
        "006-016": 1.9343872096361505,
        "005-012": 1.7955268131868367,
        "006-001": 1.7300926400703827,
        "002-015": 1.7342945806605168,
        "002-011": 1.722471830823142,
        "002-006": 1.6942869185866396,
        "006-004": 1.7839339395131981,
        "002-018": 1.6671342932891133,
        "006-014": 1.836343169195322,
        "006-009": 1.7740799024787621,
        "002-009": 1.6908141664535332,
        "002-012": 1.6949778415320504,
        "002-017": 1.6729275528696526,
        "006-006": 1.7209977793958313,
        "006-002": 1.699997133794349,
        "006-018": 1.6088078500901275,
        "002-007": 1.6628496084230242,
        "006-010": 1.7812476282125709,
        "005-006": 1.5794900116576664,
        "006-003": 1.6085094187695688,
        "006-008": 1.5965235987158952,
        "004-007": 1.7668194551520122,
        "004-006": 1.6068510392955433,
        "004-008": 1.5430874768248646,
        "007-015": 1.7284190994188544,
        "002-010": 1.7722517504981516,
        "006-012": 1.532417533775942,
        "005-011": 1.449749634800193,
        "006-007": 1.788614560884316,
        "007-011": 1.7725789145796222,
        "006-017": 1.9788170085576289,
        "007-012": 1.6166199232063483,
        "002-016": 1.5030813328231099,
        "004-016": 1.4006273971193224,
        "003-002": 1.570899485410119,
        "005-004": 1.4756110439533787,
        "002-008": 1.7513385184033614,
        "006-013": 1.367054751296147,
        "005-001": 1.4888617779523954,
        "006-011": 1.3077662226153497,
        "007-003": 1.9530778071604584,
        "007-006": 1.0817018911331329,
        "007-004": 1.076525385732378,
        "005-010": 1.4731603709114318,
        "004-018": 1.9662504541341355,
        "007-002": 1.0723990590916814,
        "007-007": 1.0683061635889939,
        "001-012": 1.9064928574350348,
        "007-005": 1.0673924364774645,
        "005-008": 1.0660091020190579,
        "007-008": 1.0612944253315302,
        "002-003": 1.0597719862092545,
        "005-007": 1.048274266018877,
        "007-016": 1.0462829294011078,
        "003-004": 1.0451058508631659,
        "002-013": 1.9065996921638064,
        "007-014": 1.396697930404114,
        "007-018": 1.041628599113158,
        "003-003": 1.9393376659808617,
        "001-006": 1.0375227328830467,
        "004-004": 1.6151017986964054,
        "005-009": 1.0364278301328422,
        "004-003": 1.868006614126291,
        "003-001": 1.816318954514909,
        "007-010": 1.389708401725264,
        "001-009": 1.0330665070682241,
        "003-019": 1.7059596084991302,
        "005-013": 1.0286345708449016,
        "001-010": 1.8805150274611546,
        "003-006": 1.8465203220952138,
        "001-001": 1.3216110562571768,
        "002-014": 1.598754631764,
        "005-003": 1.219370383033085,
        "001-003": 1.319368750836373,
        "002-004": 1.445538445657983,
        "003-016": 1.8428122106423357,
        "001-008": 1.0085862273131683,
        "003-018": 1.0018653685425007,
        "005-016": 1.0016596563627194,
        "001-002": 0.9997261233691574,
        "005-014": 0.9957315834137912,
        "005-005": 0.9871123220699392,
        "002-005": 1.1430629386860305,
        "007-017": 0.9793053531867616,
        "001-013": 0.9753623801094994,
        "004-017": 1.2486420595230812,
        "003-007": 1.1936504829180303,
        "002-002": 1.5442153682946387,
        "003-012": 0.9950561492180213,
        "004-014": 0.9570887425864589,
        "003-017": 0.9564216771905591,
        "007-009": 0.954533545977363,
        "005-015": 0.9910441539598223,
        "003-020": 0.9483905067648134,
        "004-001": 0.9422299341383706,
        "004-002": 0.9351680816715315,
        "004-005": 0.9315376011310457,
        "001-011": 0.9306821349616134,
        "005-002": 0.9816999436740319,
        "007-013": 0.924409588633571,
        "001-004": 0.9208359562816798,
        "003-011": 0.9773349407442581,
        "003-015": 0.9718974465612222,
        "003-009": 0.9045953513866254,
        "003-005": 0.9571670291486546,
        "001-007": 0.8920496962962318,
        "004-009": 1.0383856371303795,
        "004-010": 0.9133467029129487,
        "005-017": 0.9443479541070254,
        "007-001": 0.9618520205776764,
        "005-018": 0.9000735644491702,
        "001-014": 0.9157592587904938,
        "003-010": 0.954650112218052,
        "003-014": 0.7828977176705334,
        "004-013": 0.8939167731729093,
        "003-013": 0.9484878998071927,
        "003-008": 0.9718325262970746,
        "004-011": 0.9307775148213585,
        "002-001": 0.912954285951381,
        "001-005": 0.9100124020202016,
        "004-012": 0.9229153083192175,
        "002-019": 0.0,
        "002-020": 0.0,
        "005-019": 0.0
    },
    "irradiance": {
        "min": 0.9505005561735261,
        "max": 1052.3607083678542
    }
}