{
    "power": {
        "min": 0.0,
        "max": 4210.005121135972
    },
    "ratio": {
        "004-008": 1.0555485922042138,
        "004-007": 1.047962936847632,
        "005-010": 1.0292169345851092,
        "002-011": 1.0255544369794134,
        "006-009": 1.0176028810727618,
        "003-009": 1.01312370891004,
        "007-003": 1.063071265640066,
        "005-008": 1.008712443741277,
        "008-010": 1.007997360837187,
        "003-010": 1.0062758565949057,
        "005-009": 1.0062275483997396,
        "008-015": 1.0601541580768639,
        "005-006": 1.0040918717543295,
        "008-003": 1.003623731549886,
        "005-014": 1.0028389328172964,
        "005-013": 1.6422185761783183,
        "002-003": 0.9944717875940178,
        "006-001": 0.9916807836388543,
        "002-002": 0.9915201628776062,
        "002-004": 0.9899547924759938,
        "005-011": 0.986331411685861,
        "006-011": 0.9843970585481868,
        "003-013": 0.983844872893086,
        "006-012": 0.9808873673779304,
        "002-001": 0.9783742967534471,
        "006-010": 0.9765491587273095,
        "006-007": 0.9760705558839013,
        "005-005": 0.9749468467287656,
        "003-005": 0.9664894999766943,
        "005-001": 0.9646756195693762,
        "008-007": 1.7738614286347207,
        "003-012": 0.9631285784865444,
        "001-011": 1.0055507334984122,
        "001-003": 0.962115288505054,
        "004-010": 1.0321097792480387,
        "007-004": 1.0662549854067986,
        "007-006": 1.1320212592662249,
        "003-015": 0.9551272615745948,
        "001-010": 0.996049111982626,
        "004-001": 0.9525970336110166,
        "008-011": 1.6862787974303357,
        "005-003": 0.9505107133959245,
        "004-002": 0.9485956678685256,
        "006-013": 0.9477770179578867,
        "008-014": 1.6759456657273708,
        "008-001": 1.6572783412731142,
        "008-002": 1.7315480395732938,
        "002-010": 1.6168669164516936,
        "008-013": 0.9334780950454745,
        "004-011": 1.048240171873881,
        "005-002": 0.9330319145036071,
        "006-006": 0.932164233143577,
        "008-005": 1.8081636824576381,
        "005-015": 0.9257396209073573,
        "006-008": 1.5025752174120461,
        "005-004": 0.924374839800448,
        "002-012": 1.0397508901893453,
        "002-005": 0.9232501502666534,
        "002-006": 1.333415773444282,
        "001-002": 1.5511904124882097,
        "003-007": 1.5891791110156057,
        "003-011": 0.9119173070886173,
        "006-002": 0.9100036506603707,
        "005-012": 1.6690500685888157,
        "001-008": 1.173354127840932,
        "001-001": 1.179212630047205,
        "004-005": 0.89610503954016,
        "005-007": 0.8936610446995362,
        "001-006": 1.6621469426112891,
        "006-014": 1.3012242554439135,
        "008-012": 0.8868132717353249,
        "005-016": 1.007147547240772,
        "002-008": 1.2221314025258843,
        "001-004": 1.3899809061289767,
        "001-009": 1.6530851456569444,
        "006-003": 1.1138930032166632,
        "001-005": 1.1620434491706606,
        "003-006": 1.1246369948160695,
        "004-004": 0.9123830244084432,
        "008-006": 1.1116904470231523,
        "003-002": 1.0154596981843063,
        "003-014": 0.978955613960407,
        "002-009": 0.845978524791733,
        "002-007": 0.8317681390978391,
        "004-003": 0.8754171572572644,
        "006-005": 0.9345207209108988,
        "003-003": 1.1196872610285393,
        "008-008": 1.0220893601261438,
        "003-001": 1.0129554092617776,
        "007-002": 1.0072596245745717,
        "001-007": 0.9322524721261092,
        "006-004": 1.0535263581890628,
        "003-004": 1.197592731556298,
        "003-008": 0.9383669661667414,
        "004-006": 0.7721476277937387,
        "008-004": 1.0255592824193447,
        "007-005": 1.043039553586358,
        "005-017": 0.8259369765956002,
        "007-001": 0.6767841241909687,
        "004-009": 0.9084099992094069,
        "008-009": 0.5794138690529971,
        "001-012": 0.0,
        "001-013": 0.0,
        "001-014": 0.0,
        "001-015": 0.0,
        "001-016": 0.0,
        "002-013": 0.0,
        "002-014": 0.0,
        "002-015": 0.0,
        "002-016": 0.0,
        "003-016": 0.0,
        "004-012": 0.0,
        "004-013": 0.0,
        "004-014": 0.0,
        "004-015": 0.0,
        "004-016": 0.0,
        "006-015": 0.0,
        "006-016": 0.0,
        "007-007": 0.0,
        "007-008": 0.0,
        "007-009": 0.0,
        "007-010": 0.0,
        "007-011": 0.0,
        "007-012": 0.0,
        "007-013": 0.0,
        "007-014": 0.0,
        "007-015": 0.0,
        "007-016": 0.0,
        "008-016": 0.0
    },
    "irradiance": {
        "min": 0.04003633671594005,
        "max": 9.874365758052893
    }
}