{
    "power": {
        "min": 0.0,
        "max": 2639.5659625033336
    },
    "ratio": {
        "014-015": 1.7651005096312118,
        "014-014": 1.7938180917671893,
        "014-011": 1.7447057222598532,
        "014-013": 1.78218487307581,
        "007-009": 1.739672021727034,
        "007-007": 1.7331121640220448,
        "007-005": 1.7516329041445247,
        "004-016": 1.7731414059451023,
        "008-008": 1.7140496705531747,
        "004-003": 1.7101951525980916,
        "004-005": 1.7027016712031993,
        "014-010": 1.7636851189998273,
        "004-008": 1.7424173475977944,
        "007-008": 1.669211637150711,
        "004-015": 1.7470049463352548,
        "014-016": 1.6594955895250199,
        "007-001": 1.7562309463358732,
        "007-002": 1.743651998580528,
        "013-008": 1.7556717757794909,
        "007-003": 1.6576166579259448,
        "014-012": 1.655426283634777,
        "004-011": 1.7419586902025228,
        "014-006": 1.6422498968861745,
        "012-010": 1.792112969831973,
        "007-010": 1.6402643642460921,
        "012-007": 1.6964844599241544,
        "013-002": 1.6886418572162833,
        "009-007": 1.6762712580087384,
        "013-003": 1.6705979304318956,
        "012-012": 1.77230557697364,
        "004-010": 1.7443745065498504,
        "003-008": 1.6936849378107874,
        "013-007": 1.7352266527556692,
        "008-012": 1.754117504195042,
        "003-005": 1.620576233062577,
        "004-014": 1.710999943665628,
        "013-004": 1.670759437480894,
        "008-009": 1.7545025846155253,
        "008-004": 1.7192024751360662,
        "003-004": 1.6885824976293067,
        "014-007": 1.6582590127459278,
        "004-013": 1.6076600701795256,
        "006-002": 1.7722108734794486,
        "002-015": 1.605203166663557,
        "004-004": 1.7809329980422737,
        "012-005": 1.6640610976679708,
        "004-002": 1.7243014316364569,
        "004-009": 1.7168393203996297,
        "005-012": 1.8303119654719275,
        "002-014": 1.752411594785427,
        "002-006": 1.677520643319888,
        "003-007": 1.652997322170522,
        "012-013": 1.703515093598009,
        "002-003": 1.7342205022788142,
        "012-009": 1.6965361469889628,
        "009-013": 1.6283906993859498,
        "003-006": 1.5673509091231095,
        "008-010": 1.7293040898463614,
        "012-004": 1.6073859925227503,
        "008-002": 1.7287761334397822,
        "013-006": 1.6836640174330728,
        "009-005": 1.679207126942913,
        "012-003": 1.5854929078182753,
        "013-001": 1.645085025145269,
        "005-011": 1.7454081610586483,
        "014-008": 1.6629014461025475,
        "012-002": 1.6050294166039007,
        "005-014": 1.7972340765892676,
        "013-005": 1.6320827914867002,
        "014-005": 1.5326767813318831,
        "009-011": 1.532427712687332,
        "007-006": 1.7664551659308458,
        "003-010": 1.8020873457103441,
        "004-012": 1.6752228909837865,
        "014-004": 1.5223454043277032,
        "007-011": 1.7562788342057423,
        "012-001": 1.5894214737471073,
        "006-003": 1.7505211592805527,
        "007-004": 1.7009846020864614,
        "003-002": 1.6638616894519787,
        "010-001": 1.5074260621089122,
        "009-012": 1.5056966391479722,
        "007-013": 1.7819165845675116,
        "002-016": 1.7042849680172063,
        "010-007": 1.5998908867289774,
        "009-008": 1.5017034129988331,
        "014-009": 1.697251644175899,
        "008-011": 1.7394677363824764,
        "004-006": 1.7010126662348637,
        "011-001": 1.706564205265297,
        "011-002": 1.6826996280698465,
        "006-004": 1.7482480558174376,
        "008-005": 1.7261472524348536,
        "010-002": 1.5821150874681398,
        "010-008": 1.5823258793306707,
        "002-008": 1.680027439152798,
        "006-001": 1.7457771634744388,
        "003-009": 1.588688518928547,
        "010-006": 1.5684081118405981,
        "005-013": 1.6848585866854682,
        "005-010": 1.7531347065986262,
        "007-014": 1.6913242661052839,
        "010-009": 1.5804299618574846,
        "009-015": 1.6545698048266904,
        "009-016": 1.6594385246511318,
        "010-003": 1.575626513893107,
        "010-011": 1.5748412864728694,
        "005-015": 1.5752938162137282,
        "011-008": 1.7108579206721979,
        "010-010": 1.5702336272226776,
        "005-002": 1.7121975974848194,
        "004-001": 1.7344772802598847,
        "007-017": 1.7166292533919254,
        "008-001": 1.7423326907790015,
        "003-011": 1.6597249751603569,
        "009-001": 1.6531313389019042,
        "009-014": 1.660543438545597,
        "011-010": 1.6228048360835055,
        "011-009": 1.6545550698243858,
        "010-005": 1.5475136378399812,
        "005-003": 1.660006727560624,
        "002-004": 1.6334009099736253,
        "005-008": 1.6277099211438748,
        "010-004": 1.5751337488831025,
        "002-001": 1.5411844116662996,
        "005-004": 1.6275715934427257,
        "005-006": 1.6405665482198006,
        "002-007": 1.6612849889871535,
        "012-008": 1.722884078470976,
        "009-004": 1.3224084838303665,
        "002-013": 1.6955654864798324,
        "009-010": 1.3110553005091035,
        "008-007": 1.522235178578427,
        "011-004": 1.578196483044655,
        "012-006": 1.6765228444343174,
        "005-009": 1.5960065079253833,
        "005-005": 1.5826297969095522,
        "012-011": 1.6642410221238864,
        "005-001": 1.561477947101093,
        "014-003": 1.6515090599879898,
        "012-014": 1.6164501207404318,
        "004-007": 1.4020414661696274,
        "002-012": 1.6646594805287183,
        "002-002": 1.249035977411499,
        "003-001": 1.2707206355224197,
        "011-005": 1.3685246970900549,
        "008-003": 1.5646126750079221,
        "009-003": 1.5823234029374067,
        "006-005": 1.6254877436011435,
        "009-017": 1.5191625868336265,
        "009-009": 1.6875625604845772,
        "011-006": 1.3193069226312741,
        "008-006": 1.4545679704059544,
        "014-002": 1.5683261828237063,
        "011-003": 1.7123170750015144,
        "003-012": 1.5340890876531517,
        "009-018": 1.3874855439805673,
        "011-007": 1.3759585131745096,
        "005-007": 1.3589275777279703,
        "003-003": 1.728799002565835,
        "009-002": 1.6198777776812259,
        "002-005": 1.2669677382245579,
        "010-012": 1.6409549389939386,
        "003-013": 1.6450134751269445,
        "016-001": 1.0386403424499988,
        "014-001": 1.5932767220589705,
        "001-001": 0.0,
        "001-002": 0.0,
        "001-003": 0.0,
        "001-004": 0.0,
        "001-005": 0.0,
        "001-006": 0.0,
        "001-007": 0.0,
        "001-008": 0.0,
        "001-009": 0.0,
        "001-010": 0.0,
        "001-011": 0.0,
        "001-012": 0.0,
        "001-013": 0.0,
        "001-014": 0.0,
        "001-015": 0.0,
        "001-016": 0.0,
        "001-017": 0.0,
        "001-018": 0.0,
        "002-009": 0.0,
        "002-010": 0.0,
        "002-011": 0.0,
        "002-017": 0.0,
        "002-018": 0.0,
        "003-014": 0.0,
        "003-015": 0.0,
        "003-016": 0.0,
        "003-017": 0.0,
        "003-018": 0.0,
        "004-017": 0.0,
        "004-018": 0.0,
        "005-016": 0.0,
        "005-017": 0.0,
        "005-018": 0.0,
        "006-006": 0.0,
        "006-007": 0.0,
        "006-008": 0.0,
        "006-009": 0.0,
        "006-010": 0.0,
        "006-011": 0.0,
        "006-012": 0.0,
        "006-013": 0.0,
        "006-014": 0.0,
        "006-015": 0.0,
        "006-016": 0.0,
        "006-017": 0.0,
        "006-018": 0.0,
        "007-012": 0.0,
        "007-015": 0.0,
        "007-016": 0.0,
        "007-018": 0.0,
        "008-013": 0.0,
        "008-014": 0.0,
        "008-015": 0.0,
        "008-016": 0.0,
        "008-017": 0.0,
        "008-018": 0.0,
        "009-006": 0.0,
        "010-013": 0.0,
        "010-014": 0.0,
        "010-015": 0.0,
        "010-016": 0.0,