{
    "power": {
        "min": 0.0,
        "max": 4149.107101236227
    },
    "ratio": {
        "002-014": 1.72904543790014,
        "017-009": 1.6672823889257953,
        "017-006": 1.6325426860611219,
        "002-016": 1.0250707344975398,
        "002-013": 1.0197746467079147,
        "017-010": 1.654335302825177,
        "009-001": 1.6314915294448835,
        "009-003": 1.604182043234242,
        "009-015": 1.0164317879175087,
        "009-007": 1.6096319187833452,
        "009-014": 1.015308953969751,
        "016-009": 1.5271005389082681,
        "009-002": 1.642650636045373,
        "009-011": 1.6227038818248667,
        "017-008": 1.6734672241240416,
        "006-003": 1.5726571331945312,
        "009-008": 1.578868852959452,
        "011-008": 1.0021556727536443,
        "011-011": 0.9996091201980315,
        "009-013": 0.9991555598207672,
        "002-002": 1.665759600469725,
        "017-003": 1.704977310377547,
        "005-003": 1.5087531530843505,
        "016-003": 0.9957729613919393,
        "010-006": 0.9920175017078158,
        "001-007": 0.9919645541930922,
        "006-002": 1.6070232801437196,
        "015-004": 0.990304011648171,
        "011-010": 0.9887617059188725,
        "002-003": 1.6389858643203408,
        "010-004": 0.9853440639445112,
        "009-012": 1.528436247330782,
        "005-015": 0.9827397780793036,
        "016-001": 0.9806677778070605,
        "009-004": 0.9794285235190804,
        "005-013": 0.9791397408245196,
        "002-006": 1.7575275826848753,
        "011-013": 1.5224129555007209,
        "001-001": 1.5470387504011296,
        "012-001": 1.6423506062399638,
        "011-006": 0.9772193350418594,
        "005-008": 1.5627471672095365,
        "010-010": 1.5911000335692873,
        "009-005": 0.9741580484337816,
        "013-012": 1.5583040728152748,
        "012-002": 1.5619116549143108,
        "009-006": 1.5577797708425951,
        "011-014": 1.599902708819054,
        "014-013": 1.4863434513252054,
        "002-008": 1.5536034187710925,
        "010-007": 0.9659367583024889,
        "011-009": 1.538161278247584,
        "012-011": 1.5621463616542322,
        "014-004": 1.5020130503325633,
        "005-012": 1.5747770475360003,
        "013-015": 1.633340556626334,
        "009-010": 0.9613059889761465,
        "006-001": 0.9605536681408182,
        "014-014": 1.4807326852718876,
        "014-015": 1.3460738795571718,
        "014-005": 1.5139051888133896,
        "009-009": 1.5930982185798834,
        "008-009": 0.9584306752014713,
        "010-002": 0.9582311648484986,
        "014-010": 1.5649776102769466,
        "001-012": 1.5290458657052144,
        "006-004": 1.4994524145006227,
        "010-009": 1.5843162867372638,
        "002-010": 1.5873252143956205,
        "014-008": 1.4919360509857813,
        "011-016": 1.4939165721610894,
        "009-016": 0.9504654184277375,
        "011-007": 0.9492272278779558,
        "014-003": 1.5474112503355908,
        "002-005": 1.7278644273062491,
        "011-004": 1.4956071727421474,
        "011-012": 1.5107858043351836,
        "001-005": 1.6315386389211322,
        "017-007": 1.4909369323752455,
        "014-007": 1.476792443947149,
        "012-010": 1.477178843046427,
        "014-009": 1.5866953063450795,
        "008-001": 0.940114240031167,
        "014-006": 1.4690184221770317,
        "010-008": 1.346391494276638,
        "008-011": 0.9384798825624685,
        "013-003": 0.9370988666590142,
        "008-003": 0.93617684540222,
        "002-015": 0.935348725340514,
        "017-005": 0.9351905745782053,
        "010-005": 1.4080920599606954,
        "016-007": 0.9342336967631759,
        "001-006": 0.9327301308769418,
        "001-003": 0.9298907810248382,
        "002-004": 1.5265436022838832,
        "016-006": 0.9293371878587338,
        "013-010": 0.9289436595190602,
        "014-011": 1.3791184456098073,
        "015-002": 0.9236628270235206,
        "014-016": 1.3050616579648469,
        "005-009": 1.445283551854269,
        "001-004": 1.5952793357651982,
        "005-007": 1.3588165396932665,
        "007-008": 1.4613782931153207,
        "013-016": 1.3791968082733734,
        "008-002": 0.9169331173588076,
        "017-001": 0.9162149942534816,
        "005-006": 1.6191965567732827,
        "012-006": 1.4305298198333736,
        "017-002": 1.62476942156629,
        "012-004": 1.4667402516851984,
        "016-002": 0.9122041224059578,
        "011-015": 1.1959162553637783,
        "010-003": 1.523970033237437,
        "001-002": 1.5558387255066095,
        "005-002": 1.5408383429909969,
        "007-007": 1.3327451159915977,
        "002-009": 1.4654609735358135,
        "013-007": 1.449279548851172,
        "014-012": 1.489877478299807,
        "012-003": 1.3943064637596543,
        "011-003": 1.6017254245200128,
        "008-007": 0.9006053190967966,
        "007-006": 0.8989825247347796,
        "016-008": 0.8988271817070508,
        "008-008": 0.8953183290821245,
        "008-005": 0.8951481500231244,
        "013-011": 1.146283928906587,
        "005-010": 1.4469956217788837,
        "005-004": 1.219815607351012,
        "011-001": 1.4787536983933225,
        "008-006": 0.8835222308436873,
        "013-014": 1.1448254806588287,
        "015-001": 0.881605009750491,
        "017-004": 1.1104961597477625,
        "008-004": 0.8773244938609711,
        "014-001": 1.2315249431545425,
        "005-014": 1.3463082334395722,
        "010-001": 1.5089155352944386,
        "003-009": 0.8733607235222086,
        "005-001": 1.4570921125302747,
        "013-002": 0.8702949324585098,
        "004-002": 0.8695565408133012,
        "004-003": 0.8686450477235566,
        "013-004": 0.8681478313260984,
        "014-002": 1.301764355279543,
        "005-011": 1.3917426266246027,
        "004-004": 1.498725470639237,
        "004-007": 0.8626048753230702,
        "011-005": 1.3499724363334484,
        "004-005": 0.8601631358768849,
        "003-004": 0.8594254777087967,
        "004-001": 0.8585934923311703,
        "013-001": 1.3150015304227278,
        "003-007": 1.432907480468113,
        "007-002": 0.8492261154099375,
        "004-008": 0.8443907584687682,
        "011-002": 1.3866696597660504,
        "005-005": 1.1927791231798086,
        "006-007": 0.9443119564623885,
        "015-003": 0.8391846947130995,
        "001-011": 1.1579887197867424,
        "013-013": 1.4722813995099358,
        "013-009": 1.06293145926668,
        "008-012": 0.8348518246083514,
        "003-008": 0.8280323120920442,
        "003-002": 1.0430582875202143,
        "013-008": 0.8220693772522909,
        "012-007": 0.979014269855312,
        "007-003": 0.816324462178154,
        "003-005": 0.8161246839647874,
        "016-004": 0.8117937438300489,
        "001-009": 0.9968114004978345,
        "013-006": 1.1008927307660379,
        "007-004": 0.8587856052549924,
        "008-010": 0.8047981999573507,
        "015-005": 0.7978179663344936,
        "002-012": 1.0454541618300721,
        "007-005": 0.7859927876149645,
        "006-005": 0.816793324526831,
        "004-006": 0.9631351204262577,
        "013-005": 0.850682709442381,
        "006-006": 0.9606242618991607,
        "012-009": 0.9528265997555024,
        "002-007": 0.7370791388270156,
        "012-008": 0.8162678284582355,
        "002-011": 1.1628134842165259,
        "003-003": 0.6914103078792414,
        "007-001": 0.7665213224065052,
        "003-006": 0.7984464416651055,
        "002-001": 0.8413441513475253,
        "001-010": 0.8433004886698509,
        "016-005": 0.8155783941136614,
        "016-011": 0.8401363233287985,
        "012-005": 0.9799222430623418,
        "001-008": 0.8543616396434528,
        "015-006": 0.8490699246628489,
        "001-013": 1.0284239815482987,
        "016-010": 0.861699340606453,
        "003-001": 0.7850277002862875
    },
    "irradiance": {
        "min": 0.0,
        "max": 968.6056634485856
    }
}