{
    "power": {
        "min": 0.0,
        "max": 8868749261999321.0
    },
    "ratio": {
        "001-009": 0.0001837135431570804,
        "001-005": 4.063522108561228e-05,
        "001-004": 1.1353996039289947e-06,
        "001-006": 5.08618910213301e-07,
        "001-008": 4.794368976344111e-07,
        "001-007": 1.6502768811518538e-07,
        "001-003": 4.354984501371543e-08,
        "001-001": 3.5273866719979764e-08,
        "001-002": 3.370912269655194e-08,
        "001-010": 1.084237577102715e-09,
        "007-003": 2.7048739900974855e-10,
        "003-009": 1.587595382937314e-10,
        "003-008": 1.5603232638019993e-10,
        "003-007": 1.3679934818682145e-10,
        "008-002": 1.1013060498094861e-10,
        "008-001": 1.0428555126459524e-10,
        "008-003": 9.765589982615829e-11,
        "008-006": 8.8204762614888e-11,
        "008-005": 8.658906146239864e-11,
        "008-004": 8.521974392986912e-11,
        "003-004": 8.286041535173126e-11,
        "003-005": 8.011190998733385e-11,
        "010-002": 5.1378596763254775e-11,
        "009-001": 5.053807207631891e-11,
        "010-001": 4.967174524885945e-11,
        "010-005": 4.7436879664979084e-11,
        "004-002": 4.21334891283406e-11,
        "010-003": 4.0912023003910466e-11,
        "006-001": 3.981522472110405e-11,
        "004-001": 3.9328075051668346e-11,
        "003-001": 3.792283599604802e-11,
        "002-003": 3.787226762550814e-11,
        "003-003": 3.745616005402312e-11,
        "003-002": 3.655069467039683e-11,
        "009-005": 3.651268395991034e-11,
        "009-004": 3.614001090025152e-11,
        "009-003": 3.585191955343518e-11,
        "002-002": 3.4405124244905106e-11,
        "010-006": 3.375571994101421e-11,
        "009-002": 3.202281337327501e-11,
        "006-005": 3.142889653200592e-11,
        "009-007": 3.111492497039254e-11,
        "009-006": 3.081907061136121e-11,
        "009-008": 3.0569667589880886e-11,
        "009-009": 2.96913899312031e-11,
        "002-001": 2.95138319584635e-11,
        "010-004": 2.8927919182565134e-11,
        "011-001": 2.875765547122052e-11,
        "006-002": 2.8627734472983147e-11,
        "007-001": 2.688123145649486e-11,
        "002-004": 2.5226763701758692e-11,
        "002-005": 2.4700607888754804e-11,
        "003-006": 2.43041843378397e-11,
        "004-003": 2.2820399826181824e-11,
        "006-003": 2.1919731168203856e-11,
        "009-010": 2.1676377295005373e-11,
        "002-006": 2.0721576746223834e-11,
        "010-011": 2.049000701448143e-11,
        "004-006": 2.0163647923033223e-11,
        "010-009": 2.006620286766105e-11,
        "011-002": 1.8401047607966776e-11,
        "010-008": 1.8381685729806483e-11,
        "010-010": 1.8236083379018374e-11,
        "002-007": 1.6488999160532415e-11,
        "006-007": 1.4660498297991186e-11,
        "006-006": 1.3223969095042735e-11,
        "010-007": 1.248655780688916e-11,
        "004-007": 1.138076878978065e-11,
        "011-003": 1.0615336422974104e-11,
        "004-004": 9.086020574655518e-12,
        "007-006": 9.066884987118745e-12,
        "004-010": 8.146977192313877e-12,
        "006-004": 7.986830527055771e-12,
        "007-002": 7.94334897277295e-12,
        "004-008": 7.667692463232387e-12,
        "004-009": 7.094517941127633e-12,
        "011-005": 7.05592544566386e-12,
        "011-007": 6.2346936497835195e-12,
        "012-001": 5.871516471925908e-12,
        "007-004": 5.797208579790698e-12,
        "011-006": 5.5614466113197966e-12,
        "007-005": 5.150153849475014e-12,
        "006-008": 4.7110852500804946e-12,
        "011-009": 4.570144493058886e-12,
        "006-009": 4.457209795109429e-12,
        "004-005": 4.275423008146074e-12,
        "012-002": 3.928143671524661e-12,
        "012-003": 3.769492706228175e-12,
        "012-006": 3.6095801044079264e-12,
        "005-001": 3.5072721674618917e-12,
        "005-003": 3.5014374243390433e-12,
        "012-005": 3.304708259557366e-12,
        "006-011": 3.280953803861385e-12,
        "011-008": 3.162247111831863e-12,
        "011-010": 3.103287682232491e-12,
        "011-004": 3.030294188309724e-12,
        "012-004": 2.8902112013872456e-12,
        "011-011": 2.6496923493933534e-12,
        "006-010": 2.3520044454116205e-12,
        "003-010": 2.0667474984331103e-12,
        "009-011": 1.8974172863718757e-12,
        "005-004": 1.3270103901270326e-12,
        "005-002": 1.3233525596325094e-12,
        "004-011": 5.582221098254323e-13,
        "005-005": 4.723188064540258e-13,
        "007-010": 4.65006198077805e-13,
        "007-009": 4.529290305839844e-13,
        "008-009": 3.159155367606298e-13,
        "008-010": 3.1442587408971585e-13,
        "008-007": 2.85925967574714e-13,
        "012-007": 2.4258534478670315e-13,
        "008-008": 2.3385311471579486e-13,
        "005-007": 5.377425535916232e-14,
        "001-011": 0.0,
        "002-008": 0.0,
        "002-009": 0.0,
        "002-010": 0.0,
        "002-011": 0.0,
        "003-011": 0.0,
        "005-006": 0.0,
        "005-008": 0.0,
        "005-009": 0.0,
        "005-010": 0.0,
        "005-011": 0.0,
        "007-007": 0.0,
        "007-008": 0.0,
        "007-011": 0.0,
        "008-011": 0.0,
        "012-008": 0.0,
        "012-009": 0.0,
        "012-010": 0.0,
        "012-011": 0.0
    },
    "irradiance": {
        "min": 0.0,
        "max": 1050.8406374501992
    }
}